{"cameraMode":{"drawMode":0,"name":"Shaded","section":"Shading Mode"},"sceneLighting":true,"audioPlay":false,"sceneViewState":{"showFog":true,"showMaterialUpdate":false,"showSkybox":true,"showFlares":true,"showImageEffects":true,"showParticleSystems":true},"in2DMode":false,"pivot":{"x":-17.987991333007814,"y":0.0,"z":-4.0288543701171879},"rotation":{"x":-0.2160167545080185,"y":-0.02577604539692402,"z":0.005704901646822691,"w":-0.9760336875915527},"size":15.800929069519043,"orthographic":false}